seed,sample,ranking_score
1,0,0.24018285973900494
1,1,0.2520152517182067
1,2,0.2358142032971112
1,3,0.2284399184893145
1,4,0.24196807314104438
