seed,sample,ranking_score
1,0,0.24215364872413309
1,1,0.25698946024706715
1,2,0.2603443545483401
1,3,0.26829857372853255
1,4,0.2548517976810395
