seed,sample,ranking_score
1,0,0.25329772199734824
1,1,0.25306060586828016
1,2,0.2583577437900404
1,3,0.2656242439979584
1,4,0.27300217730231674
