seed,sample,ranking_score
1,0,0.21356515082638436
1,1,0.2133000202560863
1,2,0.21564611939809736
1,3,0.2194643672338394
1,4,0.2223529270122815
