seed,sample,ranking_score
1,0,0.2123215121434729
1,1,0.21911479238271006
1,2,0.20220893976159784
1,3,0.21884761724866286
1,4,0.21263389863580529
