seed,sample,ranking_score
1,0,0.2370596253769988
1,1,0.23599881007037304
1,2,0.2712507502525111
1,3,0.23405761365296326
1,4,0.23517074662302093
