seed,sample,ranking_score
1,0,0.21660049989696267
1,1,0.22568531921208618
1,2,0.21290617151591673
1,3,0.21569811056401345
1,4,0.21584038592955815
