seed,sample,ranking_score
1,0,0.20309763117572804
1,1,0.20144824834740552
1,2,0.1979679672939568
1,3,0.20555611144523422
1,4,0.20589635113410215
