seed,sample,ranking_score
1,0,0.024916091871556245
1,1,0.021478162093409338
1,2,0.023412152134956312
1,3,0.023844194538885474
1,4,0.023018542153956434
