seed,sample,ranking_score
1,0,0.2529800065385864
1,1,0.2545069233806422
1,2,0.2450599672564987
1,3,0.2549018367577512
1,4,0.2676228761850609
