seed,sample,ranking_score
1,0,0.16650735697171548
1,1,0.16994500656755335
1,2,0.15959106364844544
1,3,0.1726147423683175
1,4,0.1558716096420682
