seed,sample,ranking_score
1,0,0.213610270454395
1,1,0.22566608058839122
1,2,0.20713956224165797
1,3,0.20447656065782965
1,4,0.20524701793112102
