seed,sample,ranking_score
1,0,0.2630130941587715
1,1,0.26903216735461377
1,2,0.2698378947846714
1,3,0.2735873303395281
1,4,0.26249753883251675
