seed,sample,ranking_score
1,0,0.2187722326075066
1,1,0.21648918040955012
1,2,0.21625080994553889
1,3,0.21773095467825995
1,4,0.1941879221671008
