seed,sample,ranking_score
1,0,0.2426581233684018
1,1,0.24482405697808132
1,2,0.23466712503334636
1,3,0.2436410123886589
1,4,0.25085876191704753
