seed,sample,ranking_score
1,0,0.2278078835932808
1,1,0.21655351839807266
1,2,0.21288352929677354
1,3,0.21142392682750563
1,4,0.2238842322094243
