seed,sample,ranking_score
1,0,0.23221113006835956
1,1,0.22559770923674166
1,2,0.23989698307906454
1,3,0.22952530973772758
1,4,0.2311208054964319
