seed,sample,ranking_score
1,0,0.2125810928811116
1,1,0.24355818046340047
1,2,0.22212345452699775
1,3,0.21105835690441277
1,4,0.2105758995968551
