seed,sample,ranking_score
1,0,0.22246327654714768
1,1,0.2296648477011409
1,2,0.21042928843455616
1,3,0.23391086650804865
1,4,0.21809686708272097
