seed,sample,ranking_score
1,0,0.20514330983270082
1,1,0.21045983836995538
1,2,0.21957290253392056
1,3,0.21403612234898764
1,4,0.20746999471653352
