seed,sample,ranking_score
1,0,0.23129589423681546
1,1,0.2321217532528547
1,2,0.22416839805416
1,3,0.23760461203688235
1,4,0.23475206875232496
